id,canonical,classification,provenance_status
CIE 100,I3HAAINAOAR3H2391,unknown,rejected
CIE 117,IAMVSV8:A9OIE,unknown,rejected
CIE 120,au·q·nu······ril·XXI,unknown,rejected
CIE 123,A):MV[V]I[I]A[I]O,unknown,rejected
CIE 124,····I·IJA9I··VIJ,unknown,rejected
CIE 125,IAHVJ8·J·J9V,unknown,rejected
CIE 127,IXXJ8J9J8J9,unknown,rejected
CIE 129,[JAIJAS·J·IHVAI·J],unknown,rejected
CIE 135,....rgi.s....vixi[t anno]s.XI,unknown,rejected
CIE 136,v[el]ane.ce[i]gnal.r[i].XXXX,unknown,rejected
CIE 140,X,unknown,rejected
CIE 141,XIIX....,unknown,rejected
CIE 142,a) mi[.]capi[.]l.versni.l b) mi.capi[.]l[.]versni.se.l.versni.lupuqe,unknown,rejected
CIE 143,ΘIO·Ξ·V·IΛIΛ·ΛV·ΞΛ·VA·Ξ·Θ·OI,unknown,rejected
CIE 144,ΘAΘAΛΛKI ΛAΘVHIΛAI ΘANIA HIIΘAΛVII a. ΘaΘaalki | laΘvhiikai b. Θania iiuiaΘi lin,unknown,rejected
CIE 145,[laR]Θ RIXIX [aw]Θil,unknown,rejected
CIE 147,TΛT·MIΘH A·MIIΘLA ΘITΘTA intis·pap axelis·a t s v atetzc·,unknown,rejected
CIE 149,ΘAVLINNA·SEX·F Q·Aulinna·Sex·f | Sab,unknown,rejected
CIE 152,C·CAECINA C·L·BARO V·A·XXXIIX C·Caecina | C·l·Baro | v·a·XXXIIX,unknown,rejected
CIE 153,XXX VΘΛΘ XXX ····caspu XXX,unknown,rejected
CIE 154,ABONI•VIX•ANNOS•XX,unknown,rejected
CIE 155,VXXXX•VIX•VITA8•ANDI8•A,unknown,rejected
CIE 156,AXX•9•VAB888•8•A•99•13HCI3•O,unknown,rejected
CIE 157,AXX•J9••••I3HCI3•J,unknown,rejected
CIE 158,IIXT•M•I9A•MI9O3•2•V•I3A9•AHAO,unknown,rejected
CIE 159,IIXXXX•J9•J•I3HTVAJ•I9AJ,unknown,rejected
CIE 160,JAHATA•A8AHI3A9•AHAO,unknown,rejected
CIE 161,OH9A9•J•I3HOH•J9I•A•HA8,unknown,rejected
CIE 167,tivs:vixit:annos:lx,unknown,rejected
CIE 168,mvvlv:tmmx:faixumamai:ni. tmaθaw. vθθw:a:m:e:l:l:a:m:m:a:m:a:θ. atv:a:w:a:m:m:e:l:l:a:m:m:a:m:i:h:a. aθiθlui. livv:t:m:m:a:n:a:l:a:m:m:i:h:a. livv:i,unknown,rejected
CIE 170,s:u:c:a:n:y:s:x:i,unknown,rejected
CIE 171,u:x:a:l:a:l:a:m:i:n:v:a:p:x:j:a:v,unknown,rejected
CIE 173,AHVMVHVH:OAV,unknown,rejected
CIE 174,IVO | IMVHVV:IOAA | IVO | IMVHVV:IOAA | IVO | IMVHVV:IOAA,unknown,rejected
CIE 1745,SAIT:2AOMA9:IHVA:OJ,unknown,rejected
CIE 1747,IHVM9A AAIJAS,unknown,rejected
CIE 1749,2V2I9:2IHM9A:AIAO,unknown,rejected
CIE 175,AHVMVHVH:OAV,unknown,rejected
CIE 1751,JAO9AS:INTNA:O9,unknown,rejected
CIE 1753,MAJ:A2I:2I8OA:I:IMAAJ9,unknown,rejected
CIE 176a,39V018X1X7XMV--- 3913V91XWIMAI--- 191391X1 W-A),unknown,rejected
CIE 176b,ABCDECIEOIKLMNBO----MVMIMEMUNVa b c d e v i h θ i,unknown,rejected
CIE 176c,}VAJXIVMMAXAIMmi la lauχa.....mi a kaθ,unknown,rejected
CIE 177,MATƎMALAMAI°VƎDAM,unknown,rejected
CIE 1771,inivqaaθa | iaioqaa | [v]el arntni | vel θial,unknown,rejected
CIE 1772,a) LARTH HASTIA SCANIA HASTIA SCANIA b) LARTH· ANTIA·SCAN· ·ASTLAC···,unknown,rejected
CIE 1776,Arria·O·L· | Philematio,unknown,rejected
CIE 1778,AHITQA.A VAHIYAV,unknown,rejected
CIE 1779,MANTIQ A.IHIQVA.AIHAO,unknown,rejected
CIE 178,AƦNΘAOMΘA·ƦIƎƦI·VNAΘ MAIAS,unknown,rejected
CIE 1780,IMIA+A.OV IAZI9AV IANHV+239,unknown,rejected
CIE 1782,UMJAIHIATA A2,unknown,rejected
CIE 1784,a. VJV8.I+A:J3I b. VJ3I:2ITHI:3AD:J3I,unknown,rejected
CIE 1790,QORP:VSAMNA,unknown,rejected
CIE 1791,AVIVVAQAGAJ IVOVMA,unknown,rejected
CIE 1795,AIVVA:AINAAO MYAQ MVAQ MIHVAQ IN+VA,unknown,rejected
CIE 180,OMAΘA:ƎNƎΘ:VΘAƦ AƦNAIAD:NA,unknown,rejected
CIE 181,MOAƦAƦIƎƦO ΘAIVΘAƦI AƦNAIƎ,unknown,rejected
CIE 1822,P.HIIIPPIO.CAELI Philippio.Caeli,unknown,rejected
CIE 1824,:AVLD:ALVD:AVVA,unknown,rejected
CIE 1825,ARNΘADIOA,unknown,rejected
CIE 1827,MΘAΘ:LAHOΘA:LAΘ:OJ,unknown,rejected
CIE 1828,[MAIΘAM:AVD:AVVA],unknown,rejected
CIE 1830,ΘINIΘIM:ΘINAO,unknown,rejected
CIE 1831,IAVLAΘAD:A,unknown,rejected
CIE 1834,MAIHѴQTA ⱯAJOA,unknown,rejected
CIE 1841,ⱯIѴ:CAI:TITUѴN:ƧⱯAPONⱯA,unknown,rejected
CIE 1843,MIHƧA IƧHIAƆ IOƧ AƧ,unknown,rejected
CIE 1844,laXcae|ful,unknown,rejected
CIE 1851,lar𐌗a:cae:velxies,unknown,rejected
CIE 1857,L Gavi L f,unknown,rejected
CIE 1858,L.Gavi.L.f Clementis,unknown,rejected
CIE 1859,Thannia | Gavia | C.f,unknown,rejected
CIE 1860,Gavia.Primigene C.f Gavi.l.,unknown,rejected
CIE 1861,Gavia.P.L. | Tarntia,unknown,rejected
CIE 1863,hasti vel xaine,unknown,rejected
CIE 1865,AΘJVA:ΘMIA,unknown,rejected
CIE 1867,ΘA:JANTAT:IMIAΘ:JVA,unknown,rejected
CIE 1891,larθi:cainei:axrumiasa,unknown,rejected
CIE 1894,A3ENA:SVA:IHIA:IO:9A:J,unknown,rejected
CIE 1895,"13RIA:D A2IΠ937 cainei | pernisa A2IΠ937 | 13RIA:D Fa., cainei | pernisa Ga.",unknown,rejected
CIE 1896,:A2IΠ937:13RIA:D cainei | purnisa :,unknown,rejected
CIE 1897,1AΠI9MΨ:A2I42A:13RIA:D cainei | vetisa | umrinal,unknown,rejected
CIE 1898,....13RIA:D.... cainei ....,unknown,rejected
CIE 1899,∃TATI:M:A:J 1A:D:AΠ:∃∃: A2Ψ:937 la:minate | velia cai | petrusa,unknown,rejected
CIE 18.A.1,IИИA·IИV·Z·A Lanzi IЭИЭA·IИV·Z·A Fa.,unknown,rejected
CIE 18.A.10,AИIЭO·VIOVAI·I Lanzi AИIЭO·VDOA·I Fa.,unknown,rejected
CIE 18.A.11,ЭDAИV·IA·ЭIAИAИ·ЭIVЭ Lanzi ЭDAИV·IA·ЭIAИAИ·ЭIVЭ Fa.,unknown,rejected
CIE 18.A.12,VЭIAЭIЭIOЭЭ·[A]ИZIIЭAИ Fa.,unknown,rejected
CIE 18.A.13,VЭIAЭIЭIOЭЭ·[A]ИZIIЭAИ Fa.,unknown,rejected
CIE 18.A.2,IИV·I·IOA·I·IИV·Z·A Lanzi IИV·I·IOA·I·IИV·Z·A Fa.,unknown,rejected
CIE 18.A.3,IAIИAЭЭ·IИV·Z·A Lanzi IAIИAЭЭ·IИV·Z·A Fa.,unknown,rejected
CIE 18.A.4,IAIЭIЭD·IИV·Z·A Lanzi IAIЭIЭD·IИV·Z·A Fa.,unknown,rejected
CIE 18.A.5,IAIИVЭ8·AИV·IЭ·A Lanzi IAIИVЭ8·AИV·IЭ·A Fa.,unknown,rejected
CIE 18.A.6,ИAИA·A·AИV·ЭI·A Lanzi ИAIA·A Fa.,unknown,rejected
CIE 18.A.7,IAIИИЭA·AИV·I·Э Fa.,unknown,rejected
CIE 18.A.8,ЭИVЭ·X·IOA·I·I Lanzi ЭИVЭ·VЭOИA·I Fa.,unknown,rejected
CIE 18.A.9,IЭIИAЭI·AИDIЭЭD·AИV·I Lanzi IЭIИAЭI·AИDIЭЭD·AИV·I Fa.,unknown,rejected
CIE 18.a-b,AVЭAMVЭ AЭZAIЭZ TИVOVЭ IТATЭЭZIA,unknown,rejected
CIE 18.B.1,VITVIAMAHV·V8IЭDA Fa.,unknown,rejected
CIE 18.B.10,IЭIЭIЭ·ЭZAI Fa.,unknown,rejected
CIE 18.B.11,ЭOASЭZЭAS Fa.,unknown,rejected
CIE 18.B.12,XЭAI·VЭOИAI·ЭИIЭ8·ЭOИVЭAИV Fa.,unknown,rejected
CIE 18.B.2,VЭOИA·I,unknown,rejected
CIE 18.B.3,IVIИA Fa.,unknown,rejected
CIE 18.B.4,VИV·V8·VЭOИAI Fa.,unknown,rejected
CIE 18.B.5,ЭИV·I·ИAЭI·A Fa.,unknown,rejected
CIE 18.B.6,AИVЭVЭЭ·A Fa.,unknown,rejected
CIE 18.B.7,VЭOИIATZAS Uhd. VЭOИAI·ATZAS Fa.,unknown,rejected
CIE 18.B.8,ИAИЭIOAИ Uhd. ЭTИVЭIAIЭ·IOAI Fa.,unknown,rejected
CIE 18.B.9,ЭИИЭA·Fa.,unknown,rejected
CIE 18.c,AЭAЭЭЭ,unknown,rejected
CIE 19,KK·LIDIAI9V ƆH·V7L2AƆ·AHƆI∃,unknown,rejected
CIE 1900,MAIΠΨJΨO:2HΠ9A:3A:D:ΨA au: cae: arentis: hulunias,unknown,rejected
CIE 1901,ΨIΨO:∃A:J cae: hulu,unknown,rejected
CIE 1902,ΨAΨ42A:2HΨA:D:A∃ΨA:1A:D ar: cae: cranusa: campis: vetrual,unknown,rejected
CIE 1903,1A:D:AΠ:∃A:1H:ΨA:D:A:J ∃a[n]ia:cainei:crawpania:larθal,unknown,rejected
CIE 1904,HIA:AIHAO AIRE:JIA JAVAMV,unknown,rejected
CIE 1905,AZINIA:IVMVI:AIMAO,unknown,rejected
CIE 1906,TAMIA VJIA AIN,unknown,rejected
CIE 1908,AZINIVA:AIMVJA:IANIA,unknown,rejected
CIE 1909,VJ:JA:VI ...JV... ...JV....,unknown,rejected
CIE 1910,HIA:AHA AO AMJIA,unknown,rejected
CIE 1916,aule cai patu | arndal,unknown,rejected
CIE 1918,H SA VA Corssen; ....H SA VA Fa.; in fine aina vel nina Da. sched.,unknown,rejected
CIE 1919,larθ : cae : pexe : cainal,unknown,rejected
CIE 192,IARVNA RIGAL IARVNAIAR,unknown,rejected
CIE 1920,larθ : cae : pexe : trepinal,unknown,rejected
CIE 19-20,A CAECINA CEARVLA ANNOR LXX,unknown,rejected
CIE 1926,IHDAƆ·ЭЯPЭЯИ seθre·caЯnilsi [a],unknown,rejected
CIE 1927,MЯ AЯASAM·ЭИ·ЭИ JAX la·cale·me mefanaЯnal,unknown,rejected
CIE 1928,ЭИЯЭAD·AJ la·cale·me,unknown,rejected
CIE 193,IVOIMYMN.ZIOAL,unknown,rejected
CIE 1933,XЭIЭA·MIИЭIЭVЭX·XЭЯIЭAЭ larisal·kalsniЯ·aviati,unknown,rejected
CIE 1934,ЭAIЭIЭVO·IИIЭAЭ·ЭAЭ lart·calisni·ЯuriciaЯ,unknown,rejected
CIE 1936,ARVAMINISIASIA IAQDAL ar:calisni:sapusa|lar:dal,unknown,rejected
CIE 1937,RIVAS:IAQDAL VAMIDV M:ISN :MONEQ lar:di:calisnei:murinal|ren:n,unknown,rejected
CIE 1938,SAHSAI:ENISNAI:AIOQAI,unknown,rejected
CIE 1940,JAIDEO:SAM||||||||||| l|r:ca|mas:helial: JAIDEO:SAMAD:CJ,unknown,rejected
CIE 1941,MAHMA:VAI:ARIOQAI lar:dia:camei:lar:disa:la,unknown,rejected
CIE 1943,IAVIMVS:IA NIQA MAS:IOZAS hasi:camarinei:pumpiual:,unknown,rejected
CIE 1944,ASAMVS:IENIQAMAS:ALSAO hastia:camarinei:rumatesa,unknown,rejected
CIE 1945,MANIQ:SAMAS:VIVA INTVAJ aulius:camarines|lautni,unknown,rejected
CIE 195,ANAVQAVEN:IAA EN VJVVMAI72IOI VM EOVV EN VJVVMJIVVOI7 IA O AV,unknown,rejected
CIE 1955,Flora | Gargossa,unknown,rejected
CIE 196,ANANA:IOAN ARENAI,unknown,rejected
CIE 1964,AJ·AMAO ITAMIA AƧVИƎЯ,unknown,rejected
CIE 1966,AƧVИЈ HИ19AƆ AMAO,unknown,rejected
CIE 1967,L·CARTILVS·L·F HARISPEX,unknown,rejected
CIE 1969,ƧИVAƆИA JAƆ ИQA,unknown,rejected
CIE 197,IMAVAVAVMAO MAYMOJVARIDAV AIVM,unknown,rejected
CIE 1970,:VЯOИVHA:JƧVИA:JƧA,unknown,rejected
CIE 1971,OЈ·IИIИƧƧV O ЈAИIЯ,unknown,rejected
CIE 1979,IANQVTAM:OV:SVAO:OV,unknown,rejected
CIE 198,AIVNASIYAN LAHNVOMAIQOAN DΘDΘQOM·AИE,unknown,rejected
CIE 1980,A2AMQO2:AIVD:AMAO,unknown,rejected
CIE 1981,VTI1:A2AIVD:AINAO,unknown,rejected
CIE 1982,IAIQI1:OIEI:2I,unknown,rejected
CIE 1983,A2ANTVMAI:IAO,unknown,rejected
CIE 1985,A2INMYO:ANAO,unknown,rejected
CIE 1986,CELETA:CLOLINHA,unknown,rejected
CIE 1987,NNAI:OA A IAITEN,unknown,rejected
CIE 1988,OA:VMAI:VA,unknown,rejected
CIE 199,IVO:LAX,unknown,rejected
CIE 1990,MAIRVOE:VECA,unknown,rejected
CIE 1992,ARANÐIAS:IVCNEÐ:IOÐA,unknown,rejected
CIE 1993,OA:AM:IMÐIÐA,unknown,rejected
CIE 1994,VSA:ANÐIÐA:OÐ,unknown,rejected
CIE 1995,ANÐIÐA:OÐ,unknown,rejected
CIE 20,CAEƆ LNASƆAF·CA S I Ɔ·VLX·ANN,unknown,rejected
CIE 200,AИIЯA·AИVAИ·AИYPAИ IAΘЯMI A,unknown,rejected
CIE 2001,ad cicu | tutnal,unknown,rejected
CIE 2005,ad cipiru | ucumnzal,unknown,rejected
CIE 2009,a) APRILISS b) TI CLAVDI | SECVNDI,unknown,rejected
CIE 2010,SEX.GRANIVS. CAPITO.SEX.F,unknown,rejected
CIE 2011,SEX.GRANIVS. SEX.F.ARN. FEROX.,unknown,rejected
CIE 2012,SEX. CRANIO. HARISPICI. FORTVNATVS.L.,unknown,rejected
CIE 2013,SALASSA.GRANIA.L.L,unknown,rejected
CIE 2018,JANCIJA: AICIA,unknown,rejected
CIE 202,JЯAИИИ1Я:VИIЭ:Э:VVA VVV8,unknown,rejected
CIE 2020,Cocceia.L Scatunii uxor,unknown,rejected
CIE 2021,Coelia.L Anticlia,unknown,rejected
CIE 2025,ZANRATI:AMATJVD,unknown,rejected
CIE 2026,AZANITAT:IAMATJVD:OA,unknown,rejected
CIE 2027,:JANIANA:ADJVD:OS,unknown,rejected
CIE 2028,OLANIANA:ADJ,unknown,rejected
CIE 2029,JANITV:Q:M:AMVD:AB,unknown,rejected
CIE 203,AИЯA:VИI:A:Э:XA,unknown,rejected
CIE 2030,:JAIQIMA:IMVD:OA,unknown,rejected
CIE 2031,:JAIQIMA:IMVD:IA,unknown,rejected
CIE 2032,:AZIIMVD:IQIMA:AA,unknown,rejected
CIE 2033,SLAMAXA:IMVD:XA,unknown,rejected
CIE 2034,:ZIIVAD:IMVD:JA,unknown,rejected
CIE 2035,MAJED:IMVD:OA,unknown,rejected
CIE 2036,VANTIS:INMVS:DA,unknown,rejected
CIE 2038,O.N.R.I.R.I.S.A.Z.I.H.M.M.V.S.,unknown,rejected
CIE 2039,MI.I.N.M.V.S.:I.N.M.V.S.:O.I.,unknown,rejected
CIE 204,AИIAD·IЯИVЭЯI·IΘЯA,unknown,rejected
CIE 2040,M.A.N.D.I.S.V.O.:I.N.M.V.S.,unknown,rejected
CIE 2041,S.A.N.S.I.S.V.O.:M.I.N.M.V.S.:A.I.V.F.,unknown,rejected
CIE 2042,A.I.M.A.O.A.Z.I.M.T.H.I.N.Q.A.:A.I.H.M.M.V.S.,unknown,rejected
CIE 2043,C.CONSIDIVS.C.F.L.N.IIII VIR COMINIA.N.,unknown,rejected
CIE 2044,C.CONSIDIVS.C.F.L.N.IIII VIR COMINIA.N.,unknown,rejected
CIE 2045,L.CONSILII ATTICO VIXIT.A.XX.,unknown,rejected
CIE 2058,AR:CORSDLI:VIIAS,unknown,rejected
CIE 2059,LARTHICORSTLI,unknown,rejected
CIE 2061,ASAEAV:IANISV:ANAO,unknown,rejected
CIE 2062,EHISV:ASOPII,unknown,rejected
CIE 2063,ASOPII:IAIOI:IAISV,unknown,rejected
CIE 2064,ISA:OIIA,unknown,rejected
CIE 2068,AOIMTVAJAHM ALANA. ..lia cutnal: lautniθa,unknown,rejected
CIE 2069,ODAJ VA:AHIθ VA:VAO MAIθ. larθi ezna: arθial: vulθias,unknown,rejected
CIE 2070,ENVθ:OA. θa: ezunei,unknown,rejected
CIE 2071,ITAθA) IENθEAθIRAO. θania eznei carati,unknown,rejected
CIE 2072,θAθIθI θIθAθIθθO θAJ. larθi ezunei scevias,unknown,rejected
CIE 2073,VETANθA:θOθAJ. larθi: einatei,unknown,rejected
CIE 2074,VAθJθE:OMθA. M. arnθi: eple: aulθ,unknown,rejected
CIE 2075,LθARNS. OGLINIAI. L. Varius | Oglinia.f,unknown,rejected
CIE 2082,lania : veiania | lediusa,unknown,rejected
CIE 2089,L·VEISINNIVS·L·F·P·TITIA·GNATVS,unknown,rejected
CIE 21,MJI9A·INV8L2A·AHƆIƆ,unknown,rejected
CIE 2105,velxrei : sepiesa,unknown,rejected
CIE 2106,ad-velxna-luxrias C. Vedi,unknown,rejected
CIE 2107,Ar-Velxsna,unknown,rejected
CIE 2108,Larce-Velxna Large-Velxna,unknown,rejected
CIE 2109,La: Velxsna: La,unknown,rejected
CIE 2110,fania : velednei : ucursia,unknown,rejected
CIE 2111,velxnei : latinis : pricesta,unknown,rejected
CIE 2123,au:velsicu:zuxu|θusntia,unknown,rejected
CIE 2127,AHVT: 1211:OH9A,unknown,rejected
CIE 2128,{21JAMOH7:MVJ9A:12J A 7.J 17 A,unknown,rejected
CIE 2129,9A J D:JAM2AJ7YJ:A2 3 2D 2:12 12 337 A,unknown,rejected
CIE 2130,A23D.......BV 37,unknown,rejected
CIE 2131,3219.JAO9AJ3333337.J33,unknown,rejected
CIE 2132,9A D3JVA:3D21A:1D JAH,unknown,rejected
CIE 2134,2A12217 V1VVM.O+,unknown,rejected
CIE 2135,A23D21V,unknown,rejected
CIE 2136,IAIOMHƧ·IAO9AI·IƧIA·IƧA,unknown,rejected
CIE 2137,IƧIAIƧAIAIOGAIƧAIAIƧA,unknown,rejected
CIE 214,"FEFACE L.NAESI ALISA Pass. Ronc., VEVA CELNAAESI ALISA Pass. Paral., F ELNACELNAAESIALISA Lanzi.",unknown,rejected
CIE 2140,IAH9V7:VVA:IƧIƧA:O9AI,unknown,rejected
CIE 2143,VOLVSI·C·L·L·PHILEROƧIS·III·VIR,unknown,rejected
CIE 2144,ARANΘINΘINA:AIMAO,unknown,rejected
CIE 215,"RAMTHA ME Pass. Ronc., RAMTHA M.E Pass. Paral., RAMTHMA Lanzi.",unknown,rejected
CIE 2151,VALERIA L.L OSPITA S.E,unknown,rejected
CIE 2154,[.]VAI:EIH:VJE:I,unknown,rejected
CIE 2155,AHHIAZI·ЭHЭA·OHOA,unknown,rejected
CIE 2159,O·A·ЭI·A,unknown,rejected
CIE 216,IOVRAY: MANTHV: IOOAV; NCE,unknown,rejected
CIE 2161,VENIDIVS·Q·F·ARN·KALENVS F·T·AED·,unknown,rejected
CIE 2162,VAAAINVATA8AAAO,unknown,rejected
CIE 2163,[AINVATA8AAO],unknown,rejected
CIE 2164,:2A:AINA9A:IANAAO,unknown,rejected
CIE 2165,AIA937.IO9A[I],unknown,rejected
CIE 2167,OAIATITIAI,unknown,rejected
CIE 2168,:MVIA:I:O9AI,unknown,rejected
CIE 2169,IAO9A:AIAAI,unknown,rejected
CIE 217,JANVA ENTEO OPA,unknown,rejected
CIE 2170,VAO9A9A.AIA37.2V,unknown,rejected
CIE 2171,IAIA9A398:HIA:OI,unknown,rejected
CIE 2174,MYRIIA O | hasti vets,unknown,rejected
CIE 2175,AITR:AO | AITR:A9 | Fa:vetia|venzileś,unknown,rejected
CIE 2176,AITR:AM AO | AZAM 2 9 | Fana:veti|resnasa,unknown,rejected
CIE 2178,AITR:AHAO | AZANAT | Fana:vetia|tomasa,unknown,rejected
CIE 2179,YAT:OA | AV:IN | JADQ | aθ:vetni:laθral,unknown,rejected
CIE 218,JANVA ENTEO VA,unknown,rejected
CIE 2182,TANA | VIITNII | VIBINAL | Tana|Vetnei|Vibinal,unknown,rejected
CIE 2184,ma.i.s.q.a.m.v.t.e.i.a.ya,unknown,rejected
CIE 2188,a.s.i.n.b.a.i.v.t.e.i.a.a.h.n.a,unknown,rejected
CIE 2189,s.v.t.e.i.a.i.d.i.v.t.e.i.a.a.h.a.s.a,unknown,rejected
CIE 219,JANVA:CVLNETV:ANLNAL,unknown,rejected
CIE 2191,v.l.v.e.l.x.e.v.e.l.x.e.s.a.n.a.i.n.a.l,unknown,rejected
CIE 2193,anax veltsnei arisal,unknown,rejected
CIE 22,L·CAECINA·L·F·TLABONI·VIX·ANN S·XXX,unknown,rejected
CIE 220,JANVA:CVLNE:AXNAT,unknown,rejected
CIE 2200,a) ar vipi vuisinal b) ar vipi vuisinal,unknown,rejected
CIE 2202,AЯEÐIVJ·IITIЯ·9A ar:vipi·luscesca,unknown,rejected
CIE 2205,A9OЯE:I:ITIЯJЭЯ vel vipi:seÐra:,unknown,rejected
CIE 2207,L·VIBI·L·F·CAINAL L·Vibi·L·f·Cainal,unknown,rejected
CIE 2208,MIИI7O9AV larÐ vipiS,unknown,rejected
CIE 2209,RAMTA VIBIIIS·L LAVTNI Ramta Vibies·L lautni,unknown,rejected
CIE 221,JANVA:LARTHI:VELNEI:ALNIAL,unknown,rejected
CIE 2210,...ИAИƆE:I:IITIЯ:AO Fa:vipi:ecnatn...,unknown,rejected
CIE 2211,NIBIA AMOEN Vibia Amoen,unknown,rejected
CIE 2213,...:ΘO:I:ΘI:I:I:A:O Θana:vipinei:her[inis],unknown,rejected
CIE 2215,AIMVΘAΘA:I:ΘI:I:I:A:O Θana:vipinei:ranazunia:|creiicesa,unknown,rejected
CIE 2216,A:Z:A:H:T:V:V:I:ΘI:I:I:A:I:H:A:O Θrania:vipinei:tutnasa:,unknown,rejected
CIE 2217,I:I:V:A:I:ΘI:I:I:A M:H vipinei:velxΘes,unknown,rejected
CIE 2218,I:V:I:Z:A:I:M:I:Z:Z:I:I:ΘI:I:A:I:O:A:I larΘia:vipinei:seiania:velus,unknown,rejected
CIE 2219,VAR:VIBINIIII Lar Vibinei CRASNISA Crasnisa LA VINIIII La Vipine CARI Cari,unknown,rejected
CIE 222,JANVA:CVLNE:ALNIAL,unknown,rejected
CIE 2228,Θa·vipinei|leixunia|h[er]ines,unknown,rejected
CIE 2229,····vi···ei·leixunia·c···,unknown,rejected
CIE 223,VI:AИ:ЭИИVAƆ:O,unknown,rejected
CIE 2234,A.VOESIVS.A.F NAT,unknown,rejected
CIE 2235,IANA:AHAO,unknown,rejected
CIE 224,H9VAJ:Э,unknown,rejected
CIE 2240,L.XAPAMV L.ATITM,unknown,rejected
CIE 2242,ad zixu ad sert,unknown,rejected
CIE 2243,ha zixnei cupsnas,unknown,rejected
CIE 2244,ui zili lo,unknown,rejected
CIE 2246,aule zuxu au zuxu,unknown,rejected
CIE 2247,larθi aules zuxus,unknown,rejected
CIE 2248,ar zuxni: resna: p:s:,unknown,rejected
CIE 2249,θansi zuxniś,unknown,rejected
CIE 2250,MVśIN AO HIN,unknown,rejected
CIE 2252,VIVAO AFAZ,unknown,rejected
CIE 2255,[IMIEI·I]MAO ANAO,unknown,rejected
CIE 2256,OVAśOA,unknown,rejected
CIE 226,MЭИЭƆ:IИИA9Э:AИAO,unknown,rejected
CIE 2260,AƧA:IΘA:I:YRA:A:AHAO,unknown,rejected
CIE 2261,ƎSƎΘOƎAS MVOVƧIAO,unknown,rejected
CIE 2262,AƧV+AΘ:A:I:IO:A,unknown,rejected
CIE 2263,IAN+Y+R:A:I,unknown,rejected
CIE 2264,AƧA N+V+R:I:I ƎO,unknown,rejected
CIE 2265,AƧAΘ IANƎMƎA: AHAO,unknown,rejected
CIE 2266,AƧIMMYƧ:I:AƎ:AIMAO,unknown,rejected
CIE 2267,AƧAƧV:IANIA:IƎA:IOA,unknown,rejected
CIE 2268,QVTI:IEO ARIA,unknown,rejected
CIE 2270,IZAANIOV IAYTIR,unknown,rejected
CIE 2272,ARNAIOE ANIAO,unknown,rejected
CIE 2278,L. PETINATE VELOS,unknown,rejected
CIE 229,la cvenle | velxatinal,unknown,rejected
CIE 2298,larθ herine uxulartial cainal,unknown,rejected
CIE 23,9·Ɔ·9·Ɔ·AIƆV2L2J·AHƆIƆ,unknown,rejected
CIE 230,aph methlne:anao,unknown,rejected
CIE 2301,Ja:he:pu,unknown,rejected
CIE 2307,Jana:hermnei:vetnisa,unknown,rejected
CIE 2309,AINIAO AINIVIANI,unknown,rejected
CIE 2310,AINIAQAIISIRIMAO,unknown,rejected
CIE 2311,VZISV JAHAVN,unknown,rejected
CIE 2312,AZVZIQIEH931HO,unknown,rejected
CIE 2313,AHDUYIYA JAF,unknown,rejected
CIE 2314,DX·Q·RIA AZIZYYA,unknown,rejected
CIE 2315,EJIITVE-OQAI,unknown,rejected
CIE 2316,MAQVO,unknown,rejected
CIE 2317,a) QAWANEL b) IHJV8,unknown,rejected
CIE 2318,AqvTVIAOIN:OqAJ,unknown,rejected
CIE 2320,a. AINVA:OIAqATↃAO:IↃ b. :ↃAIJVA:OIAqATↃAO:IↃ,unknown,rejected
CIE 2321,JA:MAI:NVA:IↃqATↃAO:AINↃAO,unknown,rejected
CIE 2322,AↃAO TVAↃ AOIH ↃINIↃ,unknown,rejected
CIE 2323,SↃORE:OANSI,unknown,rejected
CIE 2324,SIↃMAO:AN SIↃMAO,unknown,rejected
CIE 2325,NNIↃ:IↃHVAO INHVA:JA,unknown,rejected
CIE 2326,IↃMAO:ↃNA,unknown,rejected
CIE 233,anthoem:methlne:iopan,unknown,rejected
CIE 2338,VITHMQA RVITIVO,unknown,rejected
CIE 2339,VINITAIRANM QV:OJ,unknown,rejected
CIE 234,aph:milnei:anao,unknown,rejected
CIE 2340,MAOV 8VO:IHTVA :379V,unknown,rejected
CIE 2341,OIBVOZA3IE,unknown,rejected
CIE 2342,AZIJAIHAJ,unknown,rejected
CIE 2343,JAITELAJQA,unknown,rejected
CIE 2344,JAHTL2J2JQAJ.AJ,unknown,rejected
CIE 2345,JAOH9A:AMDOJ,unknown,rejected
CIE 2346,IOↄI:AↄↄↄↄI:Oↄ aↄ:larena:laↄi,unknown,rejected
CIE 2348,IAↄↄↄVↄ:Oↄ:AↄↄↄↄI:Oↄ aↄ:larena:lↄ:tutnal,unknown,rejected
CIE 2349,IAↄↄↄVↄ:AↄↄↄↄI:Oↄ aↄ:larena:lↄ:tutnal,unknown,rejected
CIE 2350,:IↄↄↄVↄ:Oↄ:AↄↄↄↄI:ↄI vↄ:larena:lↄ:tutnal:,unknown,rejected
CIE 2354,JAQO:IAJ:OQAJ JAQO:IAJ,unknown,rejected
CIE 2355,VITAQ:2OIT,unknown,rejected
CIE 2356,L:TIOAJ AMV8A 12,unknown,rejected
CIE 2357,JAHMAVO:IHITAJ:2J,unknown,rejected
CIE 2358,AZAH:O3I:IHITAJ:AMAO,unknown,rejected
CIE 2359,2ANAQ:MYIHITAV A,unknown,rejected
CIE 236,Λ8M:OΛΛ ATAT,unknown,rejected
CIE 2360,A9HMA3 J:JAIHITAJ,unknown,rejected
CIE 2361,LAIHIT:V2 3Y N:OA,unknown,rejected
CIE 2362,JAIHIT:VM3D:J7,unknown,rejected
CIE 2364,AIHMIT+V:V2E9:IHIAJ:E1,unknown,rejected
CIE 2365,A2AH+V+AIHV2E9:IHIAJ:AIQ9AJ OEH:JAIHHHJV,unknown,rejected
CIE 2366,A2V2E9:IHITV:AHAO,unknown,rejected
CIE 2367,I:A2V2E9:IHITAJ:J37,unknown,rejected
CIE 2368,HIAJ:IAHH9E1:A2V2E9:JE1,unknown,rejected
CIE 2369,IAQ9AJ:IAIHITAJ:IHIAJ:IHITAJ:Q9AJ :HIAJ:239I32,unknown,rejected
CIE 2370,IAH2MVO9 IHIAJ AHAO,unknown,rejected
CIE 2372,IAOON:2VNV1:INIAI:3JVA,unknown,rejected
CIE 2373,A2V+JV1:INITAJ:O9AN,unknown,rejected
CIE 2374,a) V93M:3NACVAI:9A b) IAOORA,unknown,rejected
CIE 2376,A2L:VAV:A:J:AN:V:A9M,unknown,rejected
CIE 2377,[3NACVAV:OA],unknown,rejected
CIE 2378,ANAO INAVAV A 2A1A1 A1V1,unknown,rejected
CIE 2379,JXAI:AVAO A2NAMAMA,unknown,rejected
CIE 238,ΛADIMΛR:ΓΛMNE,unknown,rejected
CIE 2380,AIHAJ:VAJ,unknown,rejected
CIE 2381,VⱯMOⱯ VⱯMOⱯ ⱯIMAV ZⱯRV aθ·sal | aθ·sali | laucanias | cicu·stas,unknown,rejected
CIE 2384,:OJ:ƎIИIXOVAI:OJ lθ·laucinie·lθ:,unknown,rejected
CIE 2385,ƎMLVAИ lauxme,unknown,rejected
CIE 2386,IAVΘƎIΛZIƎMVLVAJ:IƎI vel:lauxumes:velsa:petrual,unknown,rejected
CIE 2387,Fania:laphuxumsnei,unknown,rejected
CIE 2388,lauxmsnei,unknown,rejected
CIE 239,AIDA:ΓΛMNA,unknown,rejected
CIE 24,A·CAECINA·SELCIA·ANNOSX,unknown,rejected
CIE 2416,θa:θi:an:θi:a:o,unknown,rejected
CIE 242,ΛA8Λ8:ΓΛMNA:OΛΛ,unknown,rejected
CIE 2426,ANIS:IAOЯOИ:IЯL:MЯN,unknown,rejected
CIE 2427,ANIS:IAOЯOИ:IЯL:MЯN,unknown,rejected
CIE 2428,ЯDЯAM,unknown,rejected
CIE 2429,INЯDAM:ЯJVA ALIЯOИЯA.,unknown,rejected
CIE 2431,JANЯMЯB:IMЯA M:ЯJVA,unknown,rejected
CIE 2432,MIH9AM:IVIAO,unknown,rejected
CIE 2433,V1:YV1IA9:I:M/,unknown,rejected
CIE 2434,A2IHD:9AM:12H9V1,unknown,rejected
CIE 2436,[IAH9V1:AHD9AN...],unknown,rejected
CIE 2437,MAI9TVAJ1:IHD9AM:VA,unknown,rejected
CIE 2438,A9A:IAH9AM:I9N/V.MA9C NAMAZIJAM,unknown,rejected
CIE 2439,HMAID:I9MVARN9V9,unknown,rejected
CIE 2447,a. asiminaus b. anivi:ianesitainaus,unknown,rejected
CIE 2454,larθi:maricane:ad | velsunias,unknown,rejected
CIE 2458,aule maruce arndal,unknown,rejected
CIE 2472,lθ: minia | xeritnal,unknown,rejected
CIE 2492,larθia·naria·caiaś|axual,unknown,rejected
CIE 2499,Janxvil:nui...,unknown,rejected
CIE 2504,a. IANAAO EVI2IA1 IH Iana|paisielti|ne b. ATAIAO IVVVII Iana paisileti,unknown,rejected
CIE 2506,IANIALA:VIVIA:O ia:papa:pupainal:,unknown,rejected
CIE 2507,MA1A1:IA2I9AN:IAO Ian:larisal:papas,unknown,rejected
CIE 2508,//PAPIRI.D.F. DOCIO //Papiri.D.f.|Docio,unknown,rejected
CIE 2509,OGA1:AIVA AI:MAIA aula:pari|anas:la,unknown,rejected
CIE 2510,VAHAJ2I+A1:9 A ar:patislane au,unknown,rejected
CIE 2511,IAYDHED:EMAI2I+A1:VA au:patislane:cencual,unknown,rejected
CIE 2512,IAVTEA:EMAI2I+A1:OA a[i:patislane:vetual,unknown,rejected
CIE 2515,AZIIMAIZITAI:ENQVI:AHAO,unknown,rejected
CIE 2517,ANISNA:ENAIZIIAI:OA,unknown,rejected
CIE 2518,PAZISNA:O:ZIIAIAN,unknown,rejected
CIE 2519,NTVAI:AN AIDEI,unknown,rejected
CIE 2520,MAIIEII:INTVAI:OIAI,unknown,rejected
CIE 2521,IANMMQH:ANΘIMQ.ΘI id:peiðna:fremnal,unknown,rejected
CIE 2527,Tania pednei raplnis plautial sec,unknown,rejected
CIE 2528,peinei pednas cainal,unknown,rejected
CIE 2529,lit: pedna: scire: herial:,unknown,rejected
CIE 2530,pedna: scire: ad: titial,unknown,rejected
CIE 2531,lit: peidna: titial,unknown,rejected
CIE 2532,pedna scire: fraunal,unknown,rejected
CIE 2533,frana: peidne: sciria: cencual: sec:,unknown,rejected
CIE 2534,reDeia: veDnas: alapu: raufe: fracnal: clan,unknown,rejected
CIE 2536,AMƎƧƧOƧM:AH MƎƧOƧ,unknown,rejected
CIE 2539,C.BAEBIVS L.F ARRESPEX,unknown,rejected
CIE 2540,C.BABIVS C.F ARHS,unknown,rejected
CIE 2541,ƧƎMƧVƎ:AИ:A:HƧI:OƧH I,unknown,rejected
CIE 2544,M·PESCENNIVS M·F MESSIA NATVS VIXIT ANNIS XXI,unknown,rejected
CIE 2545,VELEXXEX AP ANPEXEX,unknown,rejected
CIE 2551,[INVAX]·MEXANNIE·NINI,unknown,rejected
CIE 2552,ARVƧIA:RAV:VM:ATAMII:I:AIIAO,unknown,rejected
CIE 2553,LAVA:TƧIA:O:F,unknown,rejected
CIE 2554,FAHMA:VƧTƧI:O:F,unknown,rejected
CIE 2571,VQTHI:VA INOV:IM au:petruni:uclnial:,unknown,rejected
CIE 2572,"JHMVDA-----A:VA au:a.......vucunal JAIHJDV:ER:IHVHJI:VA au:petruni:[s]e:ucln[i]al,",unknown,rejected
CIE 2573,JANINAM-VA-INVHET-OA ab:petruni-au:maninal.,unknown,rejected
CIE 2574,NAQAHINDVR 9TOQJ:IVO AR fui:lart:petruni:larθalisa:,unknown,rejected
CIE 2575,PETRONIA.C.L. PRISCILLA. Petronia C.L. Priscilla.,unknown,rejected
CIE 2576,ANVA VDNAJθ aule[p]lancufre,unknown,rejected
CIE 2577,θDVHMANVθIθIθVA aule petr plancure,unknown,rejected
CIE 2599,:AIMI / ΣΘI:IOΘAИ,unknown,rejected
CIE 26,LIXƆƆ·LI9·LADƆ9Ɔ·2·AHƆIƆ·L,unknown,rejected
CIE 2600,:M A IMYMYF:AΘM ΣA9I:OΘAИ,unknown,rejected
CIE 2604,:HΣΘE9I:IOΘAИ,unknown,rejected
CIE 2605,:VAOAJ:YΣ9I:OΘAИ,unknown,rejected
CIE 261,ƎNƎM·AΘNA):IИO·ƆM,unknown,rejected
CIE 2616,IAN8VJV1 ANV+: VEA,unknown,rejected
CIE 2617,A18VA9:1M 8V1:OJ,unknown,rejected
CIE 2618,A21HJA1A9:1M8JV1,unknown,rejected
CIE 2619,AX1ANA9,unknown,rejected
CIE 262,IИAƧUƧVƎMVAJ IAN.ƆMƎJ,unknown,rejected
CIE 2620,1M8JV1 A2MH1H9A,unknown,rejected
CIE 2622,°21931:AN8JV1A9° °JAN1H9A -JAN1H9A | 21931:AN8JV1-V1,unknown,rejected
CIE 2623,JAV1MV1°219A1AN8JV1°OJ,unknown,rejected
CIE 2624,V1H:2V1H:O1!,unknown,rejected
CIE 263,VƎMƎJƎMƎM VƎIM,unknown,rejected
CIE 2636,VIILIZA POMPON. Veliza Pompon[ia],unknown,rejected
CIE 2638,ONTIA. FLORA H.S.E [P]ontia|Flora|h.s.e,unknown,rejected
CIE 264,AƧO AO VƎVAO,unknown,rejected
CIE 2640,HMLVA.L.NVI.OL l.p.pupli.l.aulstn,unknown,rejected
CIE 2641,LAHMVIER.OL l.p.pupli.l.setumnal,unknown,rejected
CIE 2644,AOIVIL:O/AAL lar:pupura|lar[al],unknown,rejected
CIE 2645,IAPIMI:A:O Ja:puprei,unknown,rejected
CIE 265,A·:ƎNƎJ·A JAIMOLA,unknown,rejected
CIE 2653,a) SEDRE. PU[S]CA. SEDRES b) SEDRE. PUSCA. SEDRES,unknown,rejected
CIE 266,ƎIƎCHƎ JAIMOLA,unknown,rejected
CIE 2663,AITHOAJIHMAQVA,unknown,rejected
CIE 2664,QLIMIAIA:IAZIOA,unknown,rejected
CIE 2665,AD RATUMNA CENQA,unknown,rejected
CIE 2666,MINIVIA:AIZYAQ,unknown,rejected
CIE 2667,AZAQO:RAUFIA:AHAO,unknown,rejected
CIE 2668,VOINAO MAZVAO ANIMA M,unknown,rejected
CIE 2669,A.M.DIZ.Q.A. IATINEM,unknown,rejected
CIE 267,ƎIƎCHƎJAIMOLA AMθNIAL-revine,unknown,rejected
CIE 2670,ZANIDIA:Q.A.I.Z.A.,unknown,rejected
CIE 2671,AZIJANRAA:IEMDIZ:IOAJ,unknown,rejected
CIE 2672,AHDIZ:AO,unknown,rejected
CIE 2676,MAIMNV:OR:ANΘM:ΘI,unknown,rejected
CIE 2677,MAIMNV:OR:ANΘM:ΘI,unknown,rejected
CIE 2678,AZLANZ:AIMMVD,unknown,rejected
CIE 2679,ZIRAZDANAMA:VIZIA,unknown,rejected
CIE 268,ƎIƎCHƎJAIMOLA,unknown,rejected
CIE 2680,AMIMVDV:AZEI1ZI:AMIMZNI,unknown,rejected
CIE 2681,A2A1T3A2:V2:AHEM39:J7,unknown,rejected
CIE 2682,N1ATVPIAM C:A2A1T3A2:OA:ANEM39:J7,unknown,rejected
CIE 2683,A2AHM:M:39:A1QVTAJ72:AHA0,unknown,rejected
CIE 2684,A1M19A0:A2:37:AHEM39:J37,unknown,rejected
CIE 2685,JAIN1KAJ EHEM39 AHA0,unknown,rejected
CIE 2687,JA1[10]9A]:1NEM39:J1,unknown,rejected
CIE 2690,qR·renxie,unknown,rejected
CIE 2691,renxiels:puia,unknown,rejected
CIE 27,XT·J19·AJDJ32·7A,unknown,rejected
CIE 2712,SABINIANI Sabiniani,unknown,rejected
CIE 2713,V·VA·V1A2·JE3 vel sapu·au·l,unknown,rejected
CIE 2717,A·Scandio Mvniatiae v[at(us)],unknown,rejected
CIE 272,ICINI C LICINI NIGRI,unknown,rejected
CIE 2720,IVEDS IANAQ ETUI VETESA,unknown,rejected
CIE 2721,L.DANTAM.Ś.AΘI.L.OΘ,unknown,rejected
CIE 2723,VΘI:AD:AΘIΘA,unknown,rejected
CIE 2727,seDRe|puiac,unknown,rejected
CIE 2728,seDria|capnas,unknown,rejected
CIE 2729,seDria:|fraucnis,unknown,rejected
CIE 2730,fasti:seDrnei:ucrislanes|a:,unknown,rejected
CIE 2731,seDrnei:afunas,unknown,rejected
CIE 2732,Hastia:Sethrnei Vibinnal,unknown,rejected
CIE 2733,Hastia:Sethrnei Vibinnal,unknown,rejected
CIE 2734,hasDi:setrni:velSusa,unknown,rejected
CIE 2736,Э∂VTAЯ.Э.ЭVОЭЯ.АJ,unknown,rejected
CIE 2737,MVJAAЯЯЯЯ.ОА,unknown,rejected
CIE 2739,AJTИAIЭЭ:ЭTИAIЭЭ:ОЭ AJ,unknown,rejected
CIE 2740,L.SEИTIO.PHOEBO,unknown,rejected
CIE 2741,L.SEИTIO.C.L.PHOEBO,unknown,rejected
CIE 2742,L.SEИTIVS.L.L.TELESPhORVS,unknown,rejected
CIE 2743,L.SEИTI.ИAS.OИIS.L.SCARIPH|,unknown,rejected
CIE 2744,velia.senti.tarxisa.,unknown,rejected
CIE 2772,ANΘRAMAΘRIVXΘAIAZ:AJ,unknown,rejected
CIE 2774,ΘMAIΘA:Z:JAVΘIΘ,unknown,rejected
CIE 2776,IΘMAIΘA:Z:AO,unknown,rejected
CIE 2777,ΘAM:ΘANAM:ΘA:Z:AΘINΘA:Z:AΘANΘAO,unknown,rejected
CIE 2778,I:Z:AΘM:ΘANAM:ΘA:Z:AΘIΘ:AO,unknown,rejected
CIE 2779,AΘMAOΘIΘZ:ΘANΘ,unknown,rejected
CIE 2780,IΘMAIΘA:Z:AΘINΘA:Z:AΘANΘAO,unknown,rejected
CIE 2789,MAINATAI.ZVDI:OIAMVNIZ,unknown,rejected
CIE 2790,M4V+:AINV34:IMAI32:AINAO,unknown,rejected
CIE 2794,*AINVHN32:AMAO A2AMO32,unknown,rejected
CIE 28,J19·V1R9J·2J,unknown,rejected
CIE 2802,Sex Sertorius | L.f. Sartages,unknown,rejected
CIE 281,OIAHME M.A,unknown,rejected
CIE 2811,a. vel:supluni b. larθi:atei,unknown,rejected
CIE 2815,IfMIfVO AfMfVfM AfZ,unknown,rejected
CIE 2816,fAITfAf fHfDf fA,unknown,rejected
CIE 282,VAAHME.VA ANAVV.391AB,unknown,rejected
CIE 2822,A·Tete | Philotimus,unknown,rejected
CIE 283,391AB.VA.AHME.M.I IAMVAV,unknown,rejected
CIE 284,IAVHEV.OVIDAEVA,unknown,rejected
CIE 2848,MƎJƎJƎA O.L.I.M.V.M.I.I.I.O,unknown,rejected
CIE 2850,HƎVƎJƎT.A.O IOMƎJƎƎIƎ VA I.I.O.M.JƎƎ M.T.V.T,unknown,rejected
CIE 2851,A.Z.A.M.I.T.V.T A.I.O.M.J.A.M.Z.V.Z.I.T.A.M.A.O,unknown,rejected
CIE 2852,V.A.J.Ǝ.J.I.I.Y.A.H.A.O,unknown,rejected
CIE 2854,L.A.O.M.H.A.A.T.I.L.I.O.M.H.A,unknown,rejected
CIE 2855,V.O.N.Q.A.A.T.I.T.I.T.V.A,unknown,rejected
CIE 286,HIAI.OIAI IADIDVO,unknown,rejected
CIE 2867,[....HH:ANΛO],unknown,rejected
CIE 2868,ΛZINΛVΛHH ANΛO,unknown,rejected
CIE 2869,IANΛIΛIΛINΛO,unknown,rejected
CIE 2870,ΛEM:IANΛVΛ:ΛZΛVΛH:ANΛO,unknown,rejected
CIE 2871,IMΛIKΛO,unknown,rejected
CIE 2873,MΛIΛ9Λ7.HΛI.HΛJ,unknown,rejected
CIE 2874,ΛZINΛVΛHΛ:ΛIΛOΛJ,unknown,rejected
CIE 2875,:MΛNΛHΛVΛT :HΛI:HΛI:OΛJ,unknown,rejected
CIE 2876,Ɔ.∃.M:IΛHΛ9MV:HΛI:HΛOΛJ,unknown,rejected
CIE 2878,-MVΛMVΛ.VΛ.ΛO9ΛJ:HΛI:H,unknown,rejected
CIE 2880,VAMIVV:VAOMIA:TITIT,unknown,rejected
CIE 2881,VAITIT:ATAMIV:OM9A,unknown,rejected
CIE 2883,9TH OI XH2I2I3I VI:8I,unknown,rejected
CIE 2885,VAMIMVT:IA:ADIMA:OA,unknown,rejected
CIE 2886,VEDINA:VA SAXO9T,unknown,rejected
CIE 2887,VAMITHE92:OI:EDIMAV9,unknown,rejected
CIE 2888,[VAMAR EDIMA:EHT:VEI],unknown,rejected
CIE 2899,laDi titi sc....,unknown,rejected
CIE 29,XIT·J19·JANDJ21V9·2J·1NMM9A·AJ,unknown,rejected
CIE 2907,larD : titial : tunial,unknown,rejected
CIE 2912,AIVIVΘVΘV:MIV:IΞIΘI:AMAO Θana:titi:nurziunia,unknown,rejected
CIE 2913,:AΞNAI:ΞIΘI:ONΘA arni:titi:panza,unknown,rejected
CIE 2915,IΘIΘ:IΘIΘAJ IMIΘAΘ larti:titi:sapini,unknown,rejected
CIE 2916,....ΞIΘ:AIVΘVΞ HH AMAO Θana titi secunia:ste:.......,unknown,rejected
CIE 2917,AƧIJA MƎV ƧƎIT·AINAAƧ·ITIT·ITƧA,unknown,rejected
CIE 2923,ƎIƎO·ƎHH·ƎƎ,unknown,rejected
CIE 2924,AININ·ANAOATƎNIƎ,unknown,rejected
CIE 2927,:HAƎO·VƎATIT·ƎNAOƎA,unknown,rejected
CIE 2935,Ar:Tibile:P:l,unknown,rejected
CIE 2938,JAIMHREN:AMLENTNA,unknown,rejected
CIE 2939,AMYSEJ:OJ JANHRA:OJ,unknown,rejected
CIE 2940,NLSNTNAINAO IR,unknown,rejected
CIE 2941,IEHSEJTNAINAO METVIR,unknown,rejected
CIE 2942,JAIMITAJ:VPLJ:AMLENTNA,unknown,rejected
CIE 2943,AMVLEJJAJNTTO,unknown,rejected
CIE 2944,:ALYLEJSIMHTAJ:IEHLEJTNAO,unknown,rejected
CIE 2945,ITLAS AITADJ:IEHLEJT ALAMHRMV,unknown,rejected
CIE 2946,AHARA:IEHLEJT:AHAO,unknown,rejected
CIE 2947,MOJAL:A12AE haspa:lavin | l9:clates,unknown,rejected
CIE 2948,ARANIGAMAS:ARNAONGA:ANISALR:ARNA arna:tlesna:arnPalisa:camarinesa,unknown,rejected
CIE 2950,IAJ8V1A2ESVAISANCAJ la:tlesna:claucesa:pulfnal,unknown,rejected
CIE 2951,b) V:IA:AH2EAVT:OA a) VAITNA:A2:A2A1A7 vl:papasa:seiantial ad:tlesna:vl:papasa:seiantial,unknown,rejected
CIE 2952,VJALM V2:V1:A2A1A1:V1 vl:papasa:se[ia]ntial,unknown,rejected
CIE 2953,IAH8V1OJ:A2A1A1:AM2EAVT:OA ad:tlesna:papasa:l9:pulfnal,unknown,rejected
CIE 296,LARΘI.PUMPU.XERITNAL,unknown,rejected
CIE 2965,AR.TRIBI.HISTRO,unknown,rejected
CIE 2972,A.Trebons,unknown,rejected
CIE 2973,Trebonia.P.f,unknown,rejected
CIE 2974,CELADVS TVRIAES FAVSTAES SER L. RVFRIVS,unknown,rejected
CIE 2975,ITVTAO AVHAE,unknown,rejected
CIE 2976,IAHINHV:TI HIO,unknown,rejected
CIE 2979,MANOENA:LENHV:ANAO,unknown,rejected
CIE 2980,INOAM:ENHV:AO,unknown,rejected
CIE 2991,LAITVASVININADZVI:LAIH+YTA,unknown,rejected
CIE 2992,//////////IIDZVI:AIIA,unknown,rejected
CIE 2993,IAIIVAOIADZVI:IAIIVT:AIIAO,unknown,rejected
CIE 2995,MAIITVT:DAI,unknown,rejected
CIE 2997,a) I9A:VMLT:AITVT:OII9A; b) AM:VT:OII9A,unknown,rejected
CIE 2999,lartia: tumu: qauxania.,unknown,rejected
CIE 30,AJD9A9J·J1R9D·A,unknown,rejected
CIE 3002,C. Tutilius | Philemo,unknown,rejected
CIE 3003,C. Tutiki | C. l. Philodami,unknown,rejected
CIE 3004,C. Tutilius L. f | Spaspo,unknown,rejected
CIE 3018,a) MARAΘUNAANAMVLA b) MAI,unknown,rejected
CIE 3021,M.VMBRICIVS·C·L·MENOMA,unknown,rejected
CIE 3022,VMBRICIA PHILAE𐌍IS,unknown,rejected
CIE 3023,AP𐌉𐌀𐌍𐌖𐌀𐌈·A𐌈·A𐌍𐌖·𐌏𐌀 M𐌍·OTACILIVS·RVFVS·VARIA·NATVS,unknown,rejected
CIE 3024,O𐌋·A𐌈A𐌍𐌖·O𐌋 ·MAI𐌍𐌄𐌈𐌖𐌌,unknown,rejected
CIE 3035,Larthia:Otanis,unknown,rejected
CIE 3036,Larthia Otanis,unknown,rejected
CIE 3037,laziu:ugle:ietis,unknown,rejected
CIE 3044,HAJ:JAITAIa 2:2 J:IMYA98:VA,unknown,rejected
CIE 3045,:JAHO21OA:IMD9A9 8:OA,unknown,rejected
CIE 3046,:JANOAI:IMD9A98:OA,unknown,rejected
CIE 3047,JAI9A:A9A9A:3:AISSAJ,unknown,rejected
CIE 3048,:LAIOI9MA:3:OHEI:IMYA9:8:OA,unknown,rejected
CIE 3049,AIOI9MA:IMDYA98:[A]I,unknown,rejected
CIE 3050,I:IMDYA98:J37:I,unknown,rejected
CIE 3051,HOVA9IMYA98:OA,unknown,rejected
CIE 3052,9A2OA9A 9819A8,unknown,rejected
CIE 3053,AZV+A1·A1398·A1AO,unknown,rejected
CIE 3054,...AO A193O MV+A1,unknown,rejected
CIE 3055,·I Y8O·3JYH,unknown,rejected
CIE 3056,[JANIT+Z·O]:VJVO:OΛ,unknown,rejected
CIE 3057,:ΛO?Λ9:INVVO:VΛJ,unknown,rejected
CIE 3058,LARTHI·HOLLON·RAVE·IA,unknown,rejected
CIE 3059,MINVVE·INVAI·O19Λ,unknown,rejected
CIE 3060,EDΛ9V8:J:VΛ,unknown,rejected
CIE 3061,:JΛHIΛ):MVJΛ:3Λ9V9:JΛ1,unknown,rejected
CIE 3064,Λ12ΛN8ΛN1IΛΛΛNΛO,unknown,rejected
CIE 3065,vi·xivi·piuθial,unknown,rejected
CIE 3069,IƎN2IADII A2VRA12 IANI1I7 a calismi | sp[as]pu[s]a | vipinal,unknown,rejected
CIE 3070,AIƜV2NAD A2I139+ calisunia | trepisa,unknown,rejected
CIE 3071,IƎNƜV+ A2ƎD2I7 tutne[i] | visces[a],unknown,rejected
CIE 3074,INTVAI:MIN8JA:8IVA,unknown,rejected
CIE 3075,8IN8JA:8V8E:IH+VAI:8DIMYIJT,unknown,rejected
CIE 3076,INTYAI:MIN8JA:8IHHAA,unknown,rejected
CIE 3077,AOMAQ,unknown,rejected
CIE 3078,M8JIH+H37:AOIN+VAI:AOMAQ,unknown,rejected
CIE 3079,YAN+X8O+AOIN+VAI+JAI+AIA2,unknown,rejected
CIE 3080,YAMAO+VD2E8IH+AOIN+VAI:M,unknown,rejected
CIE 3081,ATYV237I:IJ8H:IOAV,unknown,rejected
CIE 3082,LANIJAS AINAS,unknown,rejected
CIE 3083,ATVAJ ATIT INATV M AINAS AINAS,unknown,rejected
CIE 3084,MVJ37:J3:JNIJ:ANAO,unknown,rejected
CIE 3085,IM3VM:J3NIJ:D...,unknown,rejected
CIE 3086,INTRAJ:JATVAIJ:JATVAIJ,unknown,rejected
CIE 3087,INHAAJ..... MEJNI.....,unknown,rejected
CIE 3088,J3CVHA:J3:HADEJ:J:DINHVAJ,unknown,rejected
CIE 3089,2.9.IMHVAJ.A:J3I,unknown,rejected
CIE 3090,JAONJA I93H3:IMHVAJ,unknown,rejected
CIE 3094,AINOVI·VADAN,unknown,rejected
CIE 31,J11T·J19·2J·J1R17V2·V011,unknown,rejected
CIE 3102,[... . . . . . . . . . . . . . . . . . . . . . . . . . . . . . . . . . . . . . . . . . . . . . . . . . . . . . . . . . . . . . . . . . . . . . . . . . . . . . . . . . . . . . . . . . . . . . . . . . . . . . . . . . . . . . . . . . . . . . . . . . . . . . . . . . . . . . . . . . . . . . . . . . . . . . . . . . . . . . . . . . . . . . . . . . . . . . . . . . . . . . . . . . . . . . . . . . . . . . . . . . . . . . . . . . . . . . . . . . . . . . . . . . . . . . . . . . . . . . . . . . . . . . . . . . . . . . . . . . . . . . . . . . . . . . . . . . . . . . . . . . . . . . . . . . . . . . . . . . . . . . . . . . . . . . . . . . . . . . . . . . . . . . . . . . . . . . . . . . . . . . . . . . . . . . . . . . . . . . . . . . . . . . . . . . . . . . . . . . . . . . . . . . . . . . . . . . . . . . . . . . . . . . . . . . . . . . . . . . . . . . . . . . . . . . . . . . . . . . . . . . . . . . . . . . . . . . . . . . . . . . . . . . . . . . . . . . . . . . . . . . . . . . . . . . . . . . . . . . . . . . . . . . . . . . . . . . . . . . . . . . . . . . . . . . . . . . . . . . . . . . . . . . . . . . . . . . . . . . . . . . . . . . . . . . . . . . . . . . . . . . . . . . . . . . . . . . . . . . . . . . . . . . . . . . . . . . . . . . . . . . . . . . . . . . . . . . . . . . . . . . . . . . . . . . . . . . . . . . . . . . . . . . . . . . . . . . . . . . . . . . . . . . . . . . . . . . . . . . . . . . . . . . . . . . . . . . . . . . . . . . . . . . . . . . . . . . . . . . . . . . . . . . . . . . . . . . . . . . . . . . . . . . . . . . . . . . . . . . . . . . . . . . . . . . . . . . . . . . . . . . . . . . . . . . . . . . . . . . . . . . . . . . . . . . . . . . . . . . . . . . . . . . . . . . . . . . . . . . . . . . . . . . . . . . . . . . . . . . . . . . . . . . . . . . . . . . . . . . . . . . . . . . . . . . . . . . . . . . . . . . . . . . . . . . . . . . . . . . . . . . . . . . . . . . . . . . . . . . . . . . . . . . . . . . . . . . . . . . . . . . . . . . . . . . . . . . . . . . . . . . . . . . . . . . . . . . . . . . . . . . . . . . . . . . . . . . . . . . . . . . . . . . . . . . . . . . . . . . . . . . . . . . . . . . . . . . . . . . . . . . . . . . . . . . . . . . . . . . . . . . . . . . . . . . . . . . . . . . . . . . . . . . . . . . . . . . . . . . . . . . . . . . . . . . . . . . . . . . . . . . . . . . . . . . . . . . . . . . . . . . . . . . . . . . . . . . . . . . . . . . . . . . . . . . . . . . . . . . . . . . . . . . . . . . . . . . . . . . . . . . . . . . . . . . . . . . . . . . . . . . . . . . . . . . . . . . . . . . . . . . . . . . . . . . . . . . . . . . . . . . . . . . . . . . . . . . . . . . . . . . . . . . . . . . . . . . . . . . . . . . . . . . . . . . . . . . . . . . . . . . . . . . . . . . . . . . . . . . . . . . . . . . . . . . . . . . . . . . . . . . . . . . . . . . . . . . . . . . . . . . . . . . . . . . . . . . . . . . . . . . . . . . . . . . . . . . . . . . . . . . . . . . . . . . . . . . . . . . . . . . . . . . . . . . . . . . . . . . . . . . . . . . . . . . . . . . . . . . . . . . . . . . . . . . . . . . . . . . . . . . . . . . . . . . . . . . . . . . . . . . . . . . . . . . . . . . . . . . . . . ,unknown,rejected
CIE 3106,velxae ruy,unknown,rejected
CIE 3107,:aiavo:θi ary....,unknown,rejected
CIE 3108,--AID au:v...........cia...,unknown,rejected
CIE 3112,[al...θo...a...a]:a[i]nao θamia:la...a...θe...ia,unknown,rejected
CIE 3116,aθ:peθ|θuxia,unknown,rejected
CIE 3138,JAHI ...[c]ainal,unknown,rejected
CIE 3140,JA[M]M37 3H8!...7,unknown,rejected
CIE 3141,JA[N]D22A:22:A ...mes:vescnal,unknown,rejected
CIE 3142,JAHD9AOI////I//D///I//I,unknown,rejected
CIE 3143,IIII9:IHDV////,unknown,rejected
CIE 3144,JAV1M1V1M O:AJ la:i9.....ne pumpual,unknown,rejected
CIE 3146,JAV9A8IV ...cui farual,unknown,rejected
CIE 3148,:A2V9+31:2: / IIIIO 9an//////ei:petrusa:,unknown,rejected
CIE 3149,I & HV-M G M D,unknown,rejected
CIE 3150,A R V J ...i.clusa,unknown,rejected
CIE 3151,MHI9...MVIH.-N NAO,unknown,rejected
CIE 3152,S M·I O·B······I·,unknown,rejected
CIE 3155,M A I D····AM,unknown,rejected
CIE 3156,····A A I A I A O O··,unknown,rejected
CIE 3157,E ARRIA TREBO ET·C·AP,unknown,rejected
CIE 3159,POSTVMA,unknown,rejected
CIE 3162,A O,unknown,rejected
CIE 3177,V OII ME AN+,unknown,rejected
CIE 3187,VALXIM,unknown,rejected
CIE 3188,XXIX,unknown,rejected
CIE 3189,A1J.V.J.A T13.9OAJ.3 JDIMVM,unknown,rejected
CIE 3190,OVDE I.V....I-I NEI > ....MEMVNI |||||,unknown,rejected
CIE 3191,AID3I·AV,unknown,rejected
CIE 3194,4 IMAI9IЯ IMAI9I7X/,unknown,rejected
CIE 3195,Ɔ 1M : AИ VƆ9A : I23JIA ailesi : arcuna : Ƨec,unknown,rejected
CIE 3197,ЧЭЭЧЯIЯАЕƧ ƧIЯ.ЯЭJ ΛЯIƆ,unknown,rejected
CIE 3199,ЗAVЯAB ƆVƆMƎ ƧЯA,unknown,rejected
CIE 32,J1D9J2·2J·J1MDJ3J·D·J1,unknown,rejected
CIE 3205,HSIIMƎIIN ITI ƎHIIVƎMƎO,unknown,rejected
CIE 3206,ƎJƎODƎJ ƎJ ƎƎƎJ,unknown,rejected
CIE 3210,ƎYƎVƎTƎT H MIVƎ,unknown,rejected
CIE 3211,ƎYƎNƎMƎƎƎ ƎƎƎƎV,unknown,rejected
CIE 3212,ƎNƎVƎƎƎDIVƎNƎƎO,unknown,rejected
CIE 3214,,unknown,rejected
CIE 3215,,unknown,rejected
CIE 3216,,unknown,rejected
CIE 3217,,unknown,rejected
CIE 3218,,unknown,rejected
CIE 3219,,unknown,rejected
CIE 3220,,unknown,rejected
CIE 3221,,unknown,rejected
CIE 3222,,unknown,rejected
CIE 3223,,unknown,rejected
CIE 3224,,unknown,rejected
CIE 3225,,unknown,rejected
CIE 3226,,unknown,rejected
CIE 3227,,unknown,rejected
CIE 3228,,unknown,rejected
CIE 3229,,unknown,rejected
CIE 3230,"a. in parte adversa: ....quei stipulatum eius.... ....oque utei ea fiant primo [quoque die.... ....b]oneis praedibusve eius ex [h. l. venditis ....t. quodque uxorei matre[i i.... quoious o]pera maxume eum reum [condemnatum esse constituerit ....t. eique eam pecuniam p[ersolvito.... ....q]uoibus h. l. quaestio erit co[ndemnato.... ....quoique ipse parens sit quove.... ....p]ecunia quae de ea re ex h. [l.... i f d d b. in parte aversa: 1. VVEISIIIIVVAIVM Bass., QVEIS M.VLAIVM Gori; 2. FIANT Bass., FIMI F Gori; 3. in. VEIS Bass., NEIS Gori; 4. QVOQVE Gori—MATREI Bass., MATI: Gori; 5. in. fortasse PERA, non RERA Bass., PERA Gori; 7. OIVS Bass., IOIVS Gori; 8. in VR Bass., VE Gori; 9. ECVNIA Bass., EQVNIA Gori, — in EX finit Bass., N et v. 10 addit Gori, in fine EX·H·L· coniecit Mommsen.",unknown,rejected
CIE 3231,β. in parte aversa: VA OI.TO .VA OI.I2 .VA OI.IH .VA OA. 5 .T.OL I9AT.AN .VA I9AT.AN .VA OI.AH VA.I.O Do ex Gamurrinio. b. OIMM DI3T QVAISEN D.A.D TANSAC I.I.O IVDI a. in parte adversa. OIMM qui-sen QVAISEN pansa STAASAC iudi IVDI v V,unknown,rejected
CIE 3232,a. in parte adversa. ....OIMM.... ....QVAISEN.... ....STAASAC.... Fa. text. ....IVDI.... ....V Fa. tabulam sic circumscribit Deecke. b. ....OIMM.... ....QVAISEN.... ....STAASAC.... ....IVDI.... ....V,unknown,rejected
CIE 3240,IMJA,unknown,rejected
CIE 3241,HMMMMAN SIASA PIVI:OAN CIHEISAI TASJA,unknown,rejected
CIE 3242,88ITAY cese|nf tati,unknown,rejected
CIE 3243,V2:EV: AIML :le:vs... :xnia....,unknown,rejected
CIE 3244,EJAOH EE:VJ IIIIIIIIIIIIIIII lu:ven:dace,unknown,rejected
CIE 3245,JAO9AJ:JAO hre:fraunal:lar9al,unknown,rejected
CIE 3246,VAHJ:VA au:pinal,unknown,rejected
CIE 3247,9EA132:OA ah:sepaer,unknown,rejected
CIE 3248,AIMOHV+ IAJOVIT tupis9nia|tit9lai,unknown,rejected
CIE 3249,EHEJAVE euelaeaei,unknown,rejected
CIE 3250,AVMIIOO,unknown,rejected
CIE 3251,TOAO9,unknown,rejected
CIE 3252,VYOPEI,unknown,rejected
CIE 3253,AIPAJIN IETINVE,unknown,rejected
CIE 3254,ERAIMAJ.OA,unknown,rejected
CIE 3255,AIMIRAJ:EINAR,unknown,rejected
CIE 3256,IAJIMAIA:ARHAJ,unknown,rejected
CIE 3257,a AJIMIRATVTAINPAJ; b larinia.tutasi.vinila,unknown,rejected
CIE 3258,IAJIRVT.VINAR.IRITAIM,unknown,rejected
CIE 3259,KONH9:IHNθ,unknown,rejected
CIE 3261,IADIT:AIAAMIN,unknown,rejected
CIE 3264,a) limatisene b) cavire|vemati|turesa,unknown,rejected
CIE 3269,vitasi·tosia,unknown,rejected
CIE 3273,he:raesninixvplahat,unknown,rejected
CIE 3282,...xaeti.,unknown,rejected
CIE 3298,fania X,unknown,rejected
CIE 33,T·J19·JAH·J2A7·A·V9J2A9J·XJ1DJ2J,unknown,rejected
CIE 3301,VJ2VAJ l·auslu,unknown,rejected
CIE 3302,19XWTAJ l9·····|avauri,unknown,rejected
CIE 3303,YO9AJIMt EIXQVTEJ AMI2 VJV t:lar|files|seturis|ulusina,unknown,rejected
CIE 3304,"GIMV..... |ainie|ve|saras GIMV..... LEOSVDV Ga., 3 .....nnie|ve|saras",unknown,rejected
CIE 3305,NIQVSQA .....rsudin,unknown,rejected
CIE 3306,JIOV2:MAJA apan:suRil,unknown,rejected
CIE 334,VDER.A,unknown,rejected
CIE 335,VDER.A,unknown,rejected
CIE 337,VDER.A.THNA,unknown,rejected
CIE 338,SV.VDE.R.I,unknown,rejected
CIE 339,VO.IO9.AV VAV32.I.SI9.A2,unknown,rejected
CIE 34,J·J2J1C[N]A·.......,unknown,rejected
CIE 340,EDNAH.OθAI,unknown,rejected
CIE 342,EHRI.A.HNAO,unknown,rejected
CIE 35,J19·JAD9A·JV1MJ38·J1,unknown,rejected
CIE 354,IIYAA MIV8,unknown,rejected
CIE 355,MIV8OAAJ,unknown,rejected
CIE 358,IAOAJ EMIV8,unknown,rejected
CIE 359,ANIA KENVAJ,unknown,rejected
CIE 360,KENVAJOMA,unknown,rejected
CIE 361,YRSRDAJ,unknown,rejected
CIE 362,ER:YDA YAA:V,unknown,rejected
CIE 363,OAJ:VOSR:OAA ARIIAO,unknown,rejected
CIE 364,a) vel: secu | lar | Fal b) Fania : alfnei,unknown,rejected
CIE 366,lar | Di | a | Funi,unknown,rejected
CIE 369,arno auta : caznal,unknown,rejected
CIE 370,ei kihax ixu . . | avle kavini sex,unknown,rejected
CIE 371,,unknown,rejected
CIE 372,,unknown,rejected
CIE 373,,unknown,rejected
CIE 374,,unknown,rejected
CIE 375,,unknown,rejected
CIE 376,,unknown,rejected
CIE 377,,unknown,rejected
CIE 378,,unknown,rejected
CIE 379,,unknown,rejected
CIE 38,TX.JΛI.V.ΘI.ΛI.AN.ΘI:A θ.9.JAΘIΛI:AN:ΘI:A,unknown,rejected
CIE 380,,unknown,rejected
CIE 381,,unknown,rejected
CIE 383,,unknown,rejected
CIE 384,,unknown,rejected
CIE 385,,unknown,rejected
CIE 386,,unknown,rejected
CIE 387,,unknown,rejected
CIE 388,,unknown,rejected
CIE 389,,unknown,rejected
CIE 39,TX.JΛI.V.ΘI.ΛI.AN.ΘI:A θ.9.JAΘIΛI:AN:ΘI:A,unknown,rejected
CIE 390,,unknown,rejected
CIE 391,,unknown,rejected
CIE 392,,unknown,rejected
CIE 393,arniθ velxatini|vestrnaisa,unknown,rejected
CIE 394,a. APNOFELVθ FE SθAN b. arniθ velx[tini]|vestrn[alisa],unknown,rejected
CIE 395,arniθ velxatini|vestrnalisa,unknown,rejected
CIE 396,,unknown,rejected
CIE 397,,unknown,rejected
CIE 398,,unknown,rejected
CIE 399,,unknown,rejected
CIE 40,TX.JΛI.V.ΘI.ΛI.AN.ΘI:A θ.9.JAΘIΛI:AN:ΘI:A,unknown,rejected
CIE 400,,unknown,rejected
CIE 401,,unknown,rejected
CIE 402,,unknown,rejected
CIE 403,,unknown,rejected
CIE 404,,unknown,rejected
CIE 405,,unknown,rejected
CIE 406,,unknown,rejected
CIE 407,,unknown,rejected
CIE 408,,unknown,rejected
CIE 409,,unknown,rejected
CIE 410,,unknown,rejected
CIE 411,,unknown,rejected
CIE 412,,unknown,rejected
CIE 413,,unknown,rejected
CIE 414,,unknown,rejected
CIE 415,,unknown,rejected
CIE 416,,unknown,rejected
CIE 417,,unknown,rejected
CIE 418,,unknown,rejected
CIE 419,,unknown,rejected
CIE 42,JAI VMH JΛ:2Λ:AN:ΘI:A ..ceicna-ls-θelmuial,unknown,rejected
CIE 420,,unknown,rejected
CIE 421,,unknown,rejected
CIE 422,,unknown,rejected
CIE 423,,unknown,rejected
CIE 424,,unknown,rejected
CIE 428,Q.FOLNIVS.A.F.POM FVSVCS velxe fulni velxes | ciarPialisa Q.Folnius.A.f.Pom | Fuscus,unknown,rejected
CIE 43,IΛI:AN:ΘI:A v.....tanzwi.....cui vel[us] [m]eθelial}.....tviqi,unknown,rejected
CIE 431,Panxvil.tetinei,unknown,rejected
CIE 435,zixu | mesinal,unknown,rejected
CIE 44,JΛI:AN:ΘI:A θana-cavinei-tuθ,unknown,rejected
CIE 443,dapna·muśni···|inścvil·|admic···|śalθn,unknown,rejected
CIE 444,VTMVNEJ|IOAVDVVM|ARNA|IMVDIHE,unknown,rejected
CIE 445,MATIAMROAVO:ZVS:ZVS:FA ESQVT,unknown,rejected
CIE 446,MISLANAHADI:MANIOVT:ALSD:ANAN:MA MAOJSVO:ANAN:MA:LIES:ANAN:MA,unknown,rejected
CIE 447,a. 3:HITHIA:A:IOQAI b. 3:HITHIA:A:IOQAI,unknown,rejected
CIE 448,IVISNA:RISAV VAMIS:JES,unknown,rejected
CIE 449,IMV9T:3I:OA:I3HAI9AS,unknown,rejected
CIE 45,a) VANIVIAS.VAIΘΘA.V b) VANIVIAS.VAIΘΘA.V.Θ l.aqlami.larΘial.cailinal,unknown,rejected
CIE 452,M:ELVA:OIAJEVVA,unknown,rejected
CIE 46,XXX.ΘIΘ.Z.IANΘVS.ΘAΘO Θana.fulnai.s.ril.XXX,unknown,rejected
CIE 461,QVOLTITA:AЯE JAHIA2:QVOAN,unknown,rejected
CIE 462,A23ИM391:A8:13И3A:ANAO,unknown,rejected
CIE 463,VLTJAJJAM,unknown,rejected
CIE 464,ARCEИTIOM,unknown,rejected
CIE 465,AИ+MVJA):M,unknown,rejected
CIE 466,IEИRVOANAO,unknown,rejected
CIE 467,MIANXNAIVD,unknown,rejected
CIE 468,INXQ-QANAHID,unknown,rejected
CIE 469,M3JVA :QAS NTAJ,unknown,rejected
CIE 471,mi:uniol.I curtun,unknown,rejected
CIE 472,JIDMNIH,unknown,rejected
CIE 473,MHAMJV)A7M0791:3,unknown,rejected
CIE 50,ΘMΘLSAΘIM ΘIΘSΘ in parte dextra in parte sinistra mi leasies e. .s sp.,unknown,rejected
"CIE 52a, b","--- Lamina A ---
1. v.supni astnei
2. v.supni larθi puinei X
3. v.supni velanial
4. v.supni ceicnal
5. l.velusna felmviai
6. v.velusna v calati
7. v.puina armnial
8. l.larθi fulnei
9. pultace ceicna icapuni
10. l.larθi θepza
11. cure malave pultace
12. l??? ist? v? v? θa
13. vlcae fulθuna
14. l.ultace (?)
--- Lamina B ---
1. acep fulθuna mazutini
2. l.larθi θa armne
3. alθruz fulθuna
4. l.larθi
5. a.velani puine
6. a.velusna
7. fasta l.larθi
8. laθi plavi urmte
9. l.armne
10. masve ceicnei
11. qaves etra qvi
12. θusce θimv larθi paqe",unknown,rejected
CIE 53,ЭDИИAMIA9TV2-J8 AJ2IИLVA9TJAMIA MVHATA+IЭ,unknown,rejected
CIE 54,AGATINIA-LF ANNIV,unknown,rejected
CIE 55,AGA TINI APRI MA,unknown,rejected
CIE 56,AXXT+J9A IHHIA9A ravn tu. armni. ril. LXXV,unknown,rejected
CIE 57,A ∃I2IЯCΛJЭ 07I∃I XIIIИI∃7,unknown,rejected
CIE 59,IAXX+J9A IYTI∃∃2-J∃IA9J,unknown,rejected
CIE 60,AMIH HAJ,unknown,rejected
CIE 61,II° • JAIЭYAI • ∃ • VI2AЭ,unknown,rejected
CIE 62,C.CASPO • ΛAII • F • ANNORV • XXII°,unknown,rejected
CIE 64,L. CACINA. NIC EFOR. HIC,unknown,rejected
CIE 65,ceivna·setres·lavcinal·ril·LXX,unknown,rejected
CIE 67,av·cnevna·av·masu·ril·LXXXIII,unknown,rejected
CIE 68,av·cnevna·s·cracnal·ri·LXXXIII,unknown,rejected
CIE 69,a·cnevna·crac·ril·XXVIII,unknown,rejected
CIE 70,setre cneuna | a·titial ril | X IIII,unknown,rejected
CIE 71,larθi·cracnei·larisal·ril·LXXV,unknown,rejected
CIE 81,a XXX.I.J19.V)J.JA b XXX.I.J19.V)J.JA av.lecu.ril.LXXX,unknown,rejected
CIE 82,v.lwisu.v,unknown,rejected
CIE 85,larθi.marci.ril.LXXII,unknown,rejected
CIE 87,PAPIRIA.C.F.ANNORVM.LXXVII Papiria.C.f.annorum.LXXVII,unknown,rejected
CIE 88,in operculo a.pecni.ril.LIIII.leine in arca,unknown,rejected
CIE 89,PERPERNI.O.[.].L.EROTI Perperni[o.][.].l.Eroti,unknown,rejected
CIE 90,TANIA.PIISCNIA.RVM. Tania.Pescni.a.[anno]rum.,unknown,rejected
CIE 91,LAZIAL:V:D397:V,unknown,rejected
CIE 92,AMAX:V:D397:V,unknown,rejected
CIE 93,AH1MV:V:D39H391:V,unknown,rejected
CIE 95,V:IAINA3AM:A:IMDVAM,unknown,rejected
CIE 97,IAIV:AMAA:A:IMDVAM:A,unknown,rejected
CIE 98,IXXV:V:IAIV:AMAA:A:IMDVAM,unknown,rejected
